{
    "baseline": {
        "accuracy": 0.2774451097804391,
        "f1_score": 0.31249406383984835
    },
    "finetuned": {
        "accuracy": 0.593812375249501,
        "f1_score": 0.5222207896778964
    }
}